model,setting,accuracy,precision,recall,f1,roc_auc
kNN,default,0.753247,0.660000,0.611111,0.634615,0.789907
kNN,tuned,0.753247,0.681818,0.555556,0.612245,0.812407
Random Forest,default,0.766234,0.695652,0.592593,0.640000,0.821019
Random Forest,tuned,0.727273,0.650000,0.481481,0.553191,0.808519
